Company,Location,Industry,Users,Rating
(ISC)²,Florida,Healthcare,1800,5
10 Dot ,Africa,Information Technology,,4.8
1Cyber Pty Ltd,Sydney,Manufacturing,4900,5
1Password,Canada,Information Technology,10000,4.4
3i International,Texas,Manufacturing,500,5
403Tech,Canada,Healthcare,3800,4.9
4it Inc.,Florida,Manufacturing,400,4.5
64pandas,Wroclaw,Retail,1300,4.7
6D Global Technologies,New York,Retail,4000,4
7Clouds,New York,Financial Services,1200,4.8
A10 Networks,California,Education,4600,4.6
A10 Networks ,California,Government,,5
a1qa,Colorado,Healthcare,800,4.9
Abnormal Security,California,Government,300,3.5
Absolute,Canada,Education,1000,4.8
Accenture ,New York,Business,5000,5
"Active audit agency, LLC",Ukraine,Manufacturing,3800,5
Active RMP,Canada,Healthcare,700,5
ACUMED Consulting Ltd,England,Government,4600,5
Adminotaur,Poland,Information Technology,2800,5
Adoriasoft,Las Vegas,Financial Services,4400,4.8
adyog,India,Information Technology,2500,4.5
Agari,California,Financial Services,800,3.5
AIS Network,Virginia,Retail,2700,4.5
Akamai Technologies ,Massachusetts,Business,4600,5
AKAVEIL Technologies LLC,Canada,Healthcare,2800,5
Al Kendi Computer Systems,,Education,2200,4
Alchetron,India,Information Technology,10000,5
Aleph Tav Technologies Pvt Ltd,India,Education,2500,4
alienlab,Yerevan,Healthcare,1100,5
AlienVault ,California,Business,8000,4.9
Aligned Technology Solutions,Washington,Information Technology,3000,5
AllSafe IT,California,Healthcare,500,4
Alphaserve Technologies,New York,Information Technology,,
Altahonos,UK,Education,2300,5
Alternis IT,California,Financial Services,300,5
Anblicks,India,Healthcare,3300,5
ANew Yorkness,Zapopan,Retail,3200,5
ANiMODUS,California,Education,1700,5
AnthoNew York Timbers LLC,Herndon,Government,4800,5
Apex Privacy,Ireland,Healthcare,1600,5
AppSecure,India,Business,3200,4.5
Aqua Security,Israel,Information Technology,1000,3.9
Arcade Dev House,Alexandria,Government,1400,4.7
Arcon TechSolution,India,Financial Services,,5
Arcserve,Minnesota,Healthcare,400,4.6
Arctic Wolf,Minnesota,Information Technology,1000,4.6
Armor,Texas,Retail,4300,5
ARMOUR INFOSEC PRIVATE LIMITED,India,Information Technology,3200,4
ASAP Computer Services,Texas,Information Technology,3100,5
Ascend Technologies,Illinois,Information Technology,4800,4.9
"Ascendant Technologies, Inc.",New Jersey,Education,2000,4.9
Ascent Innovations LLC,Illinois,Information Technology,4600,
Ashton Technology Solutions,Beachwood,Financial Services,3900,4.5
Assured Technology Solutions,Portland,Manufacturing,3400,5
astarios,Switzerland,Education,3700,5
Astute Technology Management,Ireland,Information Technology,800,
AT & T Network Security ,New Jersey,Business,5000,5
Attivo Networks,California,Government,500,4.3
Augmenta Cyber Security,Botswana,Information Technology,300,
Aurionpro,India,Government,100,4
Auth0,Washington,Retail,5000,4.8
Avanan,New York,Information Technology,200,4.6
Avast,Prague,Information Technology,10000,4
Awesome Resources Ltd,UK,Government,500,5
Axionus ,New York,Information Technology,4300,
Axis Security,California,Financial Services,6000,
Axonius,New York,Education,400,3.9
Ayvant IT Services,California,Information Technology,1900,5
B/Net Systems,Annapolis,Education,4800,4.8
BAE Systems ,UK,Manufacturing,2000,4.5
Baker Security & Networks,Ireland,Information Technology,1000,5
Balbix,California,Financial Services,1800,
Barracuda,California,Retail,8000,4.5
Baufest,Washington,Education,2100,4.7
"BCA IT, Inc.",Florida,Healthcare,3800,5
"Be Structured Technology Group, Inc.",California,Retail,1900,5
Berezha Security Group,Ukraine,Government,3500,5
BetterWorld Technology,,Financial Services,2200,4.8
Beyond Identity,New York,Government,200,4.8
BeyondTrust,Georgia,Education,300,
BigID,New York,Government,300,4.8
BioCatch,Israel,Financial Services,3000,4.6
Bishop Fox,Arizona,Education,1800,5
Bit by Bit Computer Consultants,New York,Education,4200,4.9
Bitdefender,Romania,Information Technology,8000,4.6
Bitglass,California,Education,300,4.8
BitSight,Maryland,Information Technology,1500,4.1
Bitsight Technologies,Massachusetts,Information Technology,,
Bitstream,Georgia,Retail,2000,5
"BizCare, Inc.",Lafayette,Manufacturing,1100,5
BJSS,England,Financial Services,300,4.5
Black Bullet,Romania,Education,4800,5
BlackBerry,Canada,Healthcare,400,3.5
BlackCloak ,California,Information Technology,1100,
BlackPoint IT,Kent,Healthcare,900,5
BlairSammons.com,California,Retail,4300,5
Blaze Information Security,Porto,Government,800,4.8
Blockhunters,Poland,Healthcare,2100,5
Blu Bracket,California,Software,4000,
Blueclone Networks,New Jersey,Healthcare,1200,5
BlueSteel Cybersecurity,Columbia,Government,3100,5
BlueVoyant,New York,Financial Services,100,4.3
BomberJacket Networks,,Information Technology,4900,
Booz Allen ,New York,Manufacturing,500,4.8
boredDevOps,Ukraine,Retail,2500,4.5
BRAIN:IT,,Healthcare,3100,5
Braineering IT Solutions,Serbia,Information Technology,1100,5
BreachLock,Netherlands,Information Technology,2000,4.6
"Breeze IT, Inc.",California,Information Technology,4500,5
briteCITY,California,Education,2400,4.7
BSI Group,UK,Financial Services,3600,5
Bugcrowd ,California,Manufacturing,1500,5
BULPROS,Sofia,Government,3800,
Burgi Technologies,California,Manufacturing,4500,5
BVSystems,New Jersey,Information Technology,300,
ByteTime Computing,,Retail,800,5
Cado Security ,UK,Information Technology,3400,
Callsign ,UK,Manufacturing,1000,4.9
Calpion,India,Government,2000,5
Capital Techies,Virginia,Financial Services,4600,4.7
"Capstone Works, Inc.",Texas,Manufacturing,4700,5
Carbon Black,England,Retail,4600,
Carden IT LLC,New York,Financial Services,3300,5
Caspian IT Group,California,Manufacturing,4600,4.8
Catapult Technology Solutions,Indiana,Education,3700,5
Cato Networks,Israel,Government,1000,4.3
Cavu Networks,Washington,Financial Services,4400,5
Cedarcode,Uruguay,Retail,2800,5
Centrify,California,Manufacturing,2000,4.6
Cerby ,California,Software,5000,
Charleston Technology Group,Charleston,Manufacturing,4300,5
Check Point,Israel,Healthcare,600,5
Checkmarx,Israel,Government,1200,4.5
Checkr,California,Information Technology,5100,
Chimera Prime AS,Norway,Government,200,4.7
CiELO Technologies,India,Government,4000,4.5
Cimcor,Indiana,Healthcare,,3.6
Cinter Unison Networks,Cincinnati,Education,3500,4
Cisco ,California,Education,6000,4.8
Clario Tech DMCC,Dubai,Financial Services,2600,5
Claroty,New York,Manufacturing,1000,4.4
Clear Thinking IT Solutions,England,Manufacturing,3900,5
"ClearFuze Networks, Inc.",California,Information Technology,4600,5
Cloud Range,Tennessee,Information Technology,600,
CloudDrove,Toronto,Information Technology,2600,4.9
Cloudflare,California,Retail,25000,4.7
Cloudserve Ltd,England,Government,,5
CLOUDSKOPE,Texas,Financial Services,4500,5
Cloudy,Ukraine,Financial Services,3600,5
CLVR Cloud Native Solutions,Wellington,Education,4600,5
CMIT Solutions of Carlsbad,Carlsbad,Manufacturing,4400,5
Coalfire,Colorado,Financial Services,3200,5
Coalition,California,Financial Services,8000,4.9
Code Dx ,New York,Information Technology,,5
Code42,Minnesota,Government,400,3.7
Codein Software,Ukraine,Information Technology,4400,5
Cofense ,Virginia,Information Technology,,5
Commencis,Istanbul,Government,300,4.5
Complete Network,AlbaNew York,Healthcare,3200,5
Complete Technology Solutions,Indiana,Education,,5
Compudyne,Minnesota,Government,1900,5
Compufy Technolab LLP,India,Manufacturing,2300,5
Computer Maintenance Service,Mokena,Retail,4800,5
Computer Solutions East,New York,Government,2900,4.9
Computer Solutions East,India,Healthcare,4500,4.8
Computer Systems Plus,Knoxville,Manufacturing,1000,5
Comstar Technologies,Pennsylvania,Retail,1800,5
Confluera,California,Financial Services,1800,5
Constellix,Virginia,Information Technology,1400,5
Context Information Security,New York,Financial Services,3300,5
Contrast Security,California,Information Technology,100,4.8
Convergence Networks,Portland,Information Technology,2200,4.5
ConvoSync Solutions,India,Information Technology,4400,5
CPI Solutions,California,Financial Services,4000,5
CRA | Computer Resources of America,New York,Financial Services,2900,4.9
Creative People,Greece,Healthcare,2400,5
CRFT,California,Business,4200,5
CrowdStrike,California,Financial Services,500,4.3
CrucialLogics,Toronto,Financial Services,1100,5
Cryptoloc Technology Group,Australia,Government,1200,4.5
CTG Tech,Texas,Education,4600,5
CTM360,Bahrain,Financial Services,4800,5
Cybeats Technologies,Canada,Information Technology,,4.1
Cyber Dacians,Romania,Financial Services,4100,4.9
Cyber Security,India,Information Technology,300,4.1
Cyber Security Hive,India,Government,3100,4.5
Cyber Unit,Canada,Retail,1800,5
CyberArk,Israel,Financial Services,300,4.4
Cyberbit,Israel,Education,1000,
CyberDuo,California,Retail,2800,5
Cybereason,Massachusetts,Information Technology,400,4.4
CyberGRX,Colorado,Government,100,3.8
CyberHunter Solutions Inc.,Toronto,Healthcare,4900,5
Cyberint,Israel,Retail,2500,4
Cyberlands.io,Netherlands,Retail,4800,5
Cyberops Infosec LLP,India,Manufacturing,4500,4
Cybersec Consulting,Dubai,Retail,4100,5
CyberX,Massachusetts,Information Technology,1200,5
Cyble,Georgia,Information Technology,,4
Cycode,Israel,Information Technology,,4.8
Cygnik Tech,Toronto,Information Technology,2800,4.8
Cymulate,Israel,Education,1200,4.6
Cymune Cyber Security,India,Healthcare,3400,5
Cyren,Virginia,Financial Services,4600,5
Dark Trace,England,Manufacturing,,
Darktrace,England,Manufacturing,4000,3.9
Data Collaboration Services,Florida,Retail,3500,5
Data Resolve Technologies,India,Retail,200,4
Data Space,,Information Technology,4600,5
Data Theorem,California,Financial Services,,
DataArt,New York,Retail,2400,5
DataEndure,California,Government,4900,4.8
DataEngi,,Government,2300,5
DataFleets,California,Software,,
Dataguard MEA,Dubai,Healthcare,1800,5
Datalyst LLC,Minnesota,Manufacturing,3600,5
Dathena Science,New York,Healthcare,,
Dathena ,New York,Software,,
Daxx,Ukraine,Healthcare,1500,4.8
"DCG Technical Solutions, Inc",California,Education,1000,5
Deep Instinct,New York,Information Technology,200,4.8
Deepwatch,Colorado,Information Technology,3000,4.3
DefenseStorm,New York,Information Technology,,
Defmax Technologies Private Limited,India,Information Technology,2000,5
Deloitte ,New York,Information Technology,8000,4.8
Deltaform Technology,Canada,Government,,4.8
Demakis Technologies Inc,Illinois,Financial Services,1300,
Deployflow,,Retail,2200,5
DevHired,Ukraine,Retail,2000,5
Devo,Massachusetts,Government,1000,2.9
Devopsbay,Sopot,Education,2800,4.7
DevOpsProdigy,,Education,4200,5
DFLabs ,Italy,Information Technology,,4.5
Dhound,Minsk,Healthcare,2100,5
Digital Curve Consulting,Sheffield,Healthcare,4800,5
Digital Defense ,Texas,Information Technology,,4
Digital Edge Ventures,New York,Information Technology,2100,4.9
Digital Guardian,Massachusetts,Education,500,3.8
Digital Shadows,UK,Information Technology,50,4.5
DinoCloud,Florida,Healthcare,4000,5
DirectDefense,Colorado,Retail,3400,4
Domain Technology Partners,New Jersey,Retail,900,4.9
DomainTools,Washington,Government,1500,3.9
Dragos,New York,Information Technology,,
"Dragos, Inc.",Maryland,Manufacturing,6000,3.6
DSC-IT,Scotland,Education,1400,5
DSecure.me,Wroclaw,Healthcare,4800,5
Duo Security,Michigan,Financial Services,,
Dysnix,New York,Manufacturing,4200,5
EclecticIQ B.V.,Amsterdam,Information Technology,1800,5
Edge Networks,Canada,Government,600,5
Egress,,Software,,
Egress Software Technologies,UK,Government,2900,5
Ekaru,Massachusetts,Manufacturing,600,5
Electric,New York,Healthcare,3300,4.7
eMazzanti Technologies,New Jersey,Manufacturing,600,4.8
EMPIST,Illinois,Retail,3800,4.8
Enfini Labs Tech Consultant,India,Manufacturing,900,5
Enso Security,California,Information Technology,,4.8
Entech,Florida,Healthcare,2600,5
Entrust,Minnesota,Financial Services,200,4.3
Enveil,Maryland,Healthcare,,
eScan,India,Information Technology,2500,3.7
eSentire,England,Government,4900,5
ESET,Slovakia,Information Technology,16000,4.8
Ethos Global Solutions,Dubai,Education,3800,5
Ethyca,New York,Information Technology,,5
Everdata Technologies,India,Retail,4900,5
Evervault,Dublin,Information Technology,1400,5
Exabeam,California,Education,3000,5
Exelegent,New Jersey,Healthcare,1900,5
Exigent Technologies,Texas,Education,3000,4.9
Expel,Virginia,Financial Services,1200,4.3
Exploit Hunters India,India,Information Technology,3400,5
ExtraHop,Washington,Retail,8000,4
F12.net,Canada,Retail,4100,4.8
F5,Washington,Financial Services,200,4.1
FastLogic,Poland,Financial Services,3600,4.7
FenceCore IT Solutions,California,Retail,4400,4.8
Fidelis Cybersecurity,,Retail,4200,4
"Fidelis, Inc.",Washington,Retail,1100,5
finkhaeuser consulting,Greifenberg,Education,4100,5
FireEye,California,Financial Services,500,4.7
Fluid Attacks,California,Financial Services,,4.9
Flyaps,Ukraine,Healthcare,800,4.7
Forcepoint,Texas,Education,500,3.5
Forescout,California,Manufacturing,100,4.5
ForgeRock,California,Financial Services,,3.9
Fortalice,North Carolina,Healthcare,500,3.6
Fortinet,California,,,4.1
Forward Security Inc.,Canada,Government,4600,4.9
Framework IT,Illinois,Manufacturing,,4.8
Framework Security,California,Education,500,5
Fraud Cracker,Africa,Retail,300,4.8
FRSecure,Minnesota,Education,800,4.9
F-Secure,Finland,Information Technology,2000,3.5
Galvanize ,Canada,Information Technology,4600,5
GAM Tech,Canada,Education,3600,4.5
Geeks Solutions,India,Financial Services,600,4.6
Geeks Solutions,India,Information Technology,4800,4.9
Genico,Aventura,Healthcare,1000,5
Genieall,Toronto,Government,4000,4.7
Gigamon ,California,Information Technology,,
Gigasec Services Limited,Nigeria,Financial Services,2600,4.5
GM Sectec,Puerto Rico,,100,4.2
GoGuardian,California,Education,,
Granite Computer Solutions,Arizona,Government,2800,5
Great Software Laboratory,India,,4000,4
Great Software Laboratory,India,Retail,1600,4
GRIP I.T.,Virginia,Information Technology,4600,
GRUPO ORUSS,Colombia,Information Technology,1600,5
GSV SYSTEMS LLP,India,Healthcare,4200,3.2
GSV SYSTEMS LLP,India,Education,3200,4.8
Guardicore,Israel,Healthcare,600,4.5
Guidance Software ,California,Information Technology,,
GuidePoint Security,Virginia,Education,6000,4.5
Hacken,Tallinn,Manufacturing,1900,4.8
HackerOne,California,Information Technology,3000,4.1
HackerOne,New York,Financial Services,5000,5
HaltDos,India,Information Technology,150,3.4
Haltdos,India,Business,4100,5
Happiest Minds Technologies,India,Manufacturing,1600,4.5
Happiest Minds Technologies,India,Financial Services,200,4.5
Harbor Technology Group,Virginia,Education,4700,4.9
Havoc Shield,New York,Education,500,5
Haycor Computer Solutions Inc.,Vaughan,Government,1400,4.8
Headspring,Texas,,3000,5
Healthy Technology Solutions,Las Vegas,Financial Services,3800,5
Heed Consulting Group,California,Financial Services,1500,4.5
HelloTech,California,Government,600,4.8
Heraklet,Istanbul,Information Technology,2000,5
Herjavec Group,New York,Education,1800,5
HewardMills,UK,Government,1000,
"High Standards Technology, Inc.",Texas,Healthcare,4800,4.5
HIPAA Vault,Texas,Government,4300,5
HiTech Service LLC,Wilmington,Financial Services,2300,5
Hostersi,Rybnik,Education,2500,4
HW Technology,Clayton-le-Woods,Manufacturing,1700,4.9
H-X Technologies,Ukraine,Healthcare,,4.9
HYPR,New York,Information Technology,,4.8
Hysolate,Israel,Retail,4000,3.7
IARM Information Security,India,Financial Services,4400,5
IBM iX,New York,Education,6000,4.5
IBM Security ,Massachusetts,Information Technology,,
iboss,Massachusetts,Healthcare,3000,4.8
iBovi Strategic Cybersecurity Inc,Washington,Retail,4900,5
ICF,Virginia,Retail,1800,
ICS,Endicott,Retail,800,4.8
ICterra,Turkey,Government,800,4.8
Idenhaus,Georgia,Financial Services,300,4.8
iglu,Thailand,Financial Services,1500,4.5
ilantus,India,Manufacturing,500,5
Illumio,California,Manufacturing,600,4.6
Illumio,New York,Government,400,5
Imagis,New York,Manufacturing,600,4.5
Immunity Systems,Poland,Retail,4900,5
Immuta,Maryland,Financial Services,250,4.9
Immuta ,Massachusetts,Government,4000,5
Impact Group,Oakdale,Information Technology,4000,4.8
ImpactQA,New York,Healthcare,1800,4.6
ImpactQA,India,Information Technology,4500,4.9
Imperva,California,Information Technology,3000,4.1
Imprivata,Massachusetts,Healthcare,800,4.2
InDevLab,Ukraine,Government,2100,5
Infinet Services,Georgia,Government,3900,5
Infinite Corporation,Toronto,Financial Services,1800,5
Infoblox ,California,Information Technology,,
InfoGuard Cyber Security,California,Healthcare,4800,5
Infopulse,Ukraine,Government,2000,4.7
Infosec News ,Illinois,Information Technology,,
Infrassist Technologies Pvt. Ltd.,India,Financial Services,4600,4.5
Innovation Development HUB,Ukraine,Information Technology,2400,4.5
"InsITe Business Solutions, Inc.",Zeeland,Financial Services,4500,5
Insitu S2 Tikshuv LTD,Israel,Financial Services,700,4.8
InstaSafe Technologies Pvt. Ltd.,India,Financial Services,100,3.2
Intel Security Group ,California,Information Technology,15000,5
INTERSOG,Illinois,Education,4300,4.6
INTERTRADE CONSULTING,France,Healthcare,1400,5
Intivix,California,Healthcare,4200,4.9
Intruder ,UK,Information Technology,,
INTRUSION,Texas,Retail,400,3.8
IntSights,New York,Manufacturing,80,4.8
IOPS.TEAM,Ukraine,Financial Services,1900,5
Iospa Tech LLC,New York,Information Technology,2000,5
Iriscan,Tallinn,Manufacturing,2700,5
IronNet,Virginia,Government,500,4.8
IronScales,Israel,Information Technology,,4.9
ISCG,Poland,Government,200,4.7
ISEC,Poland,Information Technology,,5
ISHIR,India,Retail,4400,5
Isovalent,California,Retail,4000,5
i-Sprint , Singapore,Information Technology,,
IT Audit Group LLC,Deerfield,Retail,3200,5
IT Hatch Solutions Inc.,California,Government,3400,5
IT Partners Inc.,Canada,Education,2500,5
IT Risk Managers,Illinois,Government,2400,5
IT Service Architechs,,Manufacturing,1900,4.5
ITAdOn,Pennsylvania,Manufacturing,1800,5
iterasec,New York,Manufacturing,2900,5
ITGLOBAL.COM,Russia,Education,2400,4.8
ITNow,Highland,Financial Services,4700,5
ITsyndicate Limited,Ukraine,Financial Services,5000,5
ITUNeed,Virginia,Financial Services,4400,5
iValue InfoSolutions,India,Healthcare,6000,3.5
JetRails,Illinois,Financial Services,4100,5
JS Technology Group,New York,Financial Services,3700,5
Juern Technology,Texas,Financial Services,2200,4.9
JumpCloud,Colorado,Healthcare,4200,5
JupiterOne ,North Carolina,Information Technology,1200,4.5
Justice IT Consulting LLC,Burleson,Information Technology,900,5
K3 Technology,Colorado,Financial Services,3000,5
K7 Computing,India,Information Technology,5000,4.5
Kairos,Seoul,Information Technology,2100,3.5
Karamba Security,Israel,Information Technology,1300,4
Kaspersky,Russia,Information Technology,40000,4.8
Keeper Security,Illinois,Information Technology,6000,4.6
Kenna Security,California,Information Technology,500,2.9
Kenna Security ,Illinois,Information Technology,,
Keplercode,Ukraine,Healthcare,4600,4.9
Kernel,,Healthcare,2500,5
Keyless,UK,Information Technology,8000,5
Kinetix Technology Services,California,Government,400,4.5
KiZAN Technologies,Louisville,Government,3100,5
"KMicro Tech, Inc.",California,Healthcare,4000,5
KnowBe4,Florida,Information Technology,5000,4.7
Kount ,,Information Technology,,
KPMG ,UK,Information Technology,,
Kratikal,India,Financial Services,80,2.6
Kratikal,India,Government,200,5
Kratikal Tech Pvt Ltd,Georgia,Financial Services,4700,4.9
Kualitatem Inc.,New York,Financial Services,1700,4.5
Kyos,Switzerland,Education,3300,5
"Lastline, Inc.",California,Manufacturing,400,5
Layer 7 IT Solutions,Mississauga,Financial Services,800,4
LCloud Sp. z o.o.,Poland,Manufacturing,2600,4.8
Leapfrog Services,Georgia,Manufacturing,1200,5
Ledger,France,Government,900,4.7
Leidos ,Virginia,Information Technology,,
Lemlock,Germany,Manufacturing,4400,4.8
Leveldesk,New York,Manufacturing,3500,4.9
Leverage IT Consulting,California,Education,1400,5
"Levi, Ray & Shoup, Inc. (LRS)",,Education,4000,5
Lightbulb Networks,Anaheim,Education,3700,4.8
Lightcrest,California,Government,2200,5
Lightspin,Israel,Government,,5
Live Connexus,Texas,Government,1200,5
Livex Software,Pretoria,Government,1500,5
LME Services,Illinois,Financial Services,3100,5
Lockheed Martin ,Maryland,Information Technology,,
Locuz,India,Information Technology,2700,5
LogicalTrust.net,Wroclaw,Manufacturing,1000,5
LogRhythm,Colorado,Financial Services,800,4.6
LogRhythm,Colorado,Software,4000,5
Lookout,California,Government,3000,5
Lookout,California,Information Technology,,
Lucideus,India,Government,50,1.8
M6iT,New York,Financial Services,4000,5
MailXaminer,India,Government,60,3.5
Main Source 365 Tech LLC,Florida,Information Technology,900,4.9
Malware Patrol,Florida,Information Technology,500,5
Managed Solutions,Australia,Government,2200,5
ManhattanTechSupport.com LLC,New York,Retail,2500,5
Marlabs Inc,India,Education,3500,4
MassLight,Washington,Education,4100,5
MattsenKumar LLC,India,Retail,2700,4.1
Maxitech,Ukraine,Manufacturing,2600,5
MAZAJ,Poland,Retail,3900,5
McAfee,California,Information Technology,15000,4.1
MEC IT Services,Texas,Government,2500,5
MegaplanIT,Arizona,Information Technology,3500,5
Menlo Security,California,Information Technology,900,3.7
Mercury Managed Services,Texas,Manufacturing,2100,5
"Merlion Solutions, LLC",Tampa,Financial Services,2800,5
MeU Solutions INC,Vietnam,Healthcare,3200,4.5
Microsoft ,Washington,Information Technology,30000,5
Mid-Atlantic Computer Solutions,Alexandria,Government,2800,4.8
Middleground Technologies,New York,Healthcare,2900,5
MIK LIONS,UK,Government,3000,
Mimecast,UK,Information Technology,4000,5
Mindsight,Illinois,Information Technology,3000,4.9
MIT Group,India,Retail,4300,4.8
Mitek,California,Financial Services,,
MITRE,Massachusetts,Information Technology,,
Mitre ,Virginia,Government,,
MNS Group,California,Financial Services,3900,5
MobileIron ,California,Business,,
MonitoringLabs,Bangkok,Education,200,5
MSPAssist,India,Retail,800,4.8
MSPAssist,India,Financial Services,1400,4.8
Multisistemas,El Salvador,Retail,3900,4.5
NCC Group,Manchester,Education,1400,4.1
Ndimensionz Solutions Pvt ltd,India,Retail,4700,
Neon Digital,Ballylynan,Education,4000,2
Netcotech,Canada,Retail,3300,4.8
NetMotion Software,Washington,Financial Services,,
Netscout ,Massachusetts,Government,,
Netskope,California,Information Technology,3000,4.9
Network Elites,Texas,Information Technology,2800,4
Network Elites Services LLC,Carrollton,Information Technology,600,5
Networx IT Solutions,Pennsylvania,Retail,300,5
NewCloud Networks,Colorado,Information Technology,900,5
NexOne Technologies,Orlando,Financial Services,2500,5
NextLink Labs,Pittsburgh,Manufacturing,1700,4.5
Nexusguard , Hong Kong,Government,,
Nibiru - Paginas Web Uruguay,Uruguay,Healthcare,1300,5
Northrop Grumman ,Virginia,Information Technology,,
NortonLifeLock,Arizona,Retail,6000,4.9
NowSecure,Illinois,Financial Services,,
NPI Technology Management,Vermont,Manufacturing,4500,5
Nucleon Security,Vanves,Healthcare,3500,5
Nuvodia,Washington,Information Technology,4700,4.5
Oivan,Helsingfors,Information Technology,1400,4.5
Okratech,,Education,1100,5
Okta,California,Financial Services,5000,4.6
OnDefend,Jacksonville,Healthcare,4600,5
OnDemand CXO,Illinois,Financial Services,2800,5
One Identity ,California,Healthcare,,
OneLogin,California,Information Technology,5500,4.3
Onepath,Georgia,Education,1700,5
OneSpan,Illinois,Information Technology,,
OneSpan ,Illinois,Healthcare,,
OneTrust,Georgia,Retail,10000,3.3
OneTrust,Georgia,Software,,4.8
Onfido,UK,Financial Services,1500,4.1
Onfido,UK,Information Technology,,5
ongoingIT,California,Government,1000,5
Optiv,Colorado,Information Technology,,
Optiv ,Colorado,Healthcare,,
Orca Security,California,Financial Services,4000,3.5
Orca Security,California,Information Technology,,5
OS ITservice,California,Financial Services,1900,5
OSIbeyond,Maryland,Manufacturing,1700,5
Pacific Computer Group,Portland,Healthcare,2400,5
Packetlabs Ltd.,Mississauga,Healthcare,2400,4.9
Packetlabs Ltd.,Ontario,Information Technology,,5
Pakurity,Ukraine,Manufacturing,4500,5
Palo Alto Networks,California,Information Technology,300,3.9
Palo Alto Networks,California,Information Technology,,
Palo Alto Networks ,California,Government,,
Parachute Technology,San Ramon,Financial Services,4800,4.8
"Paranet Solutions, LLC",Texas,Healthcare,700,4
PasciVite,California,Manufacturing,4800,5
PAVilion,Farsley,Manufacturing,1400,5
PayInBits Convenience,Lagos,Information Technology,2500,5
PC Miracles,,Education,1800,4.8
Perimeter 81,Israel,Healthcare,1600,4.3
Perimeter 81,Israel,Financial Services,,5
Pindrop Security,Georgia,Information Technology,3000,4.3
Ping Identity,Colorado,Retail,800,4.5
Pointivity Managed Solutions,California,Financial Services,2300,5
Pomeroy- Out of Business,Hebron,Information Technology,3200,4
Precise Business Solutions,Spring,Healthcare,2600,5
Predica,Poland,Information Technology,3800,4.4
Preemo IT Support,Florida,Manufacturing,4400,4.9
Privitar,UK,Financial Services,400,3.6
PRO - Technology Professionals,Illinois,Healthcare,1500,5
Progressive IT Solutions,Texas,Retail,3900,5
Proofpoint,California,Government,300,4
Proofpoint,California,Information Technology,,
Proofpoint ,California,Manufacturing,,
Proper Sky,Glenside,Retail,800,5
Prophaze,India,Information Technology,,4.9
Prostir,Tallinn,Manufacturing,300,5
Prove,New York,Financial Services,,4.3
PulseSecure ,California,Healthcare,,
PwC ,UK,Healthcare,,
QAwerk,Ukraine,,2700,5
Qualys,California,Information Technology,19000,3.5
R2 Unified Technologies,Florida,Financial Services,2300,5
Race Computer Services,Nutley,Retail,1200,5
Rader Solutions,Texas,Financial Services,4300,5
Radware ,Israel,Healthcare,,
Randori,Massachusetts,Retail,,5
RangeForce,Virginia,Healthcare,5000,4.6
Rapid7,Maryland,Government,100,4.3
Rapid7,Massachusetts,Government,5000,
Rapid7,India,Financial Services,3800,5
Rapid7,Massachusetts,Information Technology,,
Raytheon ,Massachusetts,Healthcare,,
RCS Professional Services,New York,Financial Services,300,5
Reach Technologies,Georgia,Financial Services,3400,5
"Real IT Solutions, Inc",Michigan,Education,2100,4.9
Real Secure IT Infrastructure LLC,,Retail,1800,5
Real Secure IT Infrastructure LLC,India,Financial Services,3900,4.5
Recorded Future,Massachusetts,Government,,4.8
Red Canary,Colorado,Retail,,4.8
Red Canary,Colorado,Financial Services,,
Red Key Solutions,New York,Manufacturing,4200,5
Red Sift,UK,Retail,,5
REDTEAM.PL,Poland,Government,1200,5
Refirm Labs,Maryland,Information Technology,5000,4.6
Reflexions,New York,Manufacturing,4200,5
Relevant Software,Ukraine,Financial Services,1400,4.9
ReliaQuest,Florida,Financial Services,1000,4.2
Reputation BUILDUP,India,Healthcare,4400,5
Reputation BUILDUP,India,Information Technology,4500,5
ReputationDefender,California,Manufacturing,1200,4.8
Resecurity ,California,Information Technology,,
Resultant,Indiana,Government,4500,4.7
Results Technology,Kansas,Financial Services,2200,5
Reval,New York,Information Technology,,
ReversingLabs,Massachusetts,Information Technology,2000,4.9
ReversingLabs,Zagreb,Financial Services,200,5
RiskIQ,California,Government,2700,5
RiskVision - Out of Business,SunNew Yorkvale,Retail,400,5
RMRF,Ukraine,Retail,1400,5
Rocketlab,Switzerland,Government,3600,4.8
ROOTS INC,El Salvador,Education,4800,4.9
RSA,Massachusetts,Financial Services,12500,3.5
RSA ,Maryland,Information Technology,,
RSA Security,Massachusetts,Information Technology,,
Rush Tech Support,Florida,Government,2800,5
RYC Business IT,Florida,Information Technology,2200,5
S2,Spain,Healthcare,3600,5
S21,Spain,Financial Services,2900,5
Safe Base,California,Retail,,
Safe Security (formerly Lucideus) ,California,Government,2500,5
Sagiton,Wroclaw,Information Technology,4600,4.8
SailPoint,Texas,Financial Services,2000,4.2
SailPoint Technologies,Texas,Financial Services,,
Satori Cyber,Israel,Retail,,
Sattrix,India,Retail,4600,5
Sattrix,India,Information Technology,300,5
SC NECSYS SRL,Romania,Education,1800,5
SCADAfence,New York,Manufacturing,8000,4.6
Schneider Electric,Massachusetts,Information Technology,,
ScienceSoft,Texas,Healthcare,4600,4.8
ScienceSoft ,Texas,Information Technology,,
ScotiaComp Technologies,Sampson Cove,Healthcare,4000,5
Seconaize,India,Retail,,
SecPod,India,Information Technology,150,4
Securden,Newark,Retail,,
Secure Code Warrior,Australia,Healthcare,200,
SecureStack,Queensland,Retail,,
SecureTech,Texas,Education,4100,5
Secureworks,Georgia,Information Technology,5000,3.8
SecureWorks ,Georgia,Information Technology,,
Securiti,California,Information Technology,1400,4.2
SECURITI.ai,San Jose,Retail,,
Security Hubs,Claymont,Retail,2800,5
SecurityScorecard,New York,Information Technology,,3.9
SecurityScorecard,New York,Education,3600,5
SecurityX,Toronto,Information Technology,700,5
Sekurno,Ukraine,Manufacturing,2000,5
Semperis,Israel,Identity Driven Cyber Resilience,3000,
SentinelOne,California,Retail,4000,4.8
Sentree,Japan,Information Technology,800,5
Sequretek,New Jersey,Information Technology,,
Sera-Brynn ,Virginia,Information Technology,,
Server Sorcery,Pennsylvania,Government,2700,5
Seven Dynamic,Egypt,Information Technology,700,4.9
SHALB,Ukraine,Healthcare,2200,4.5
Shape Security,California,Information Technology,,
Shartega IT,Illinois,Information Technology,1300,4.8
Shield 7 Consulting,Clarksville,Information Technology,,5
SHIFT ASIA,Tokyo,Information Technology,4000,4.5
Siemplify ,New York,Information Technology,,
Sierra Experts,Pittsburgh,Financial Services,900,5
Silent Break Security,Lehi,Education,1200,4.8
SimplicIT,New York,Healthcare,2500,5
Simply Smart Technology,Illinois,Government,1400,5
SiteGuarding CY Ltd.,Germasogeia,Retail,2800,4.8
"Six Consulting, Inc.",Georgia,Manufacturing,600,4.5
Skybox Security,Israel,Information Technology,3000,4.1
Slappey Communications,Alabama,Retail,3200,4.5
SMART NET,Ukraine,Healthcare,700,4.3
Smart Protection,Madrid,Information Technology,,
Smartdesc,UK,Retail,4400,5
SMBHD,Illinois,Retail,1100,4.9
SmokeScreen,India,Information Technology,,4.7
SNDK Corp,India,Financial Services,1700,5
SNew Yorkk,UK,Information Technology,,4.5
SoftSeq,Odessa,Government,2800,5
Software Outsourcing Services (SOS) Ltd,England,Education,1200,5
Software Testing Bureau,Uruguay,Manufacturing,3900,
Sonatype,Maryland,Information Technology,4600,4.6
SonicFast,UK,Government,4700,5
SonicWall,California,Government,100,4.2
Sophos,England,Information Technology,1000,3.6
Sophos ,UK,Information Technology,,
SparkCognition,Texas,Manufacturing,1000,4.3
Spectrum Technology Solutions,Arizona,Information Technology,1600,4.5
SpiderSilk,Dubai,Information Technology,,
Splunk,California,Information Technology,,
Splunk ,California,Information Technology,,
SPsoft,California,Financial Services,4300,4.8
STACKLEVEL,Minsk,Manufacturing,4500,5
Stairwell,California,Information Technology,,
Standing Tech CompaNew York,Erbil,Retail,900,5
STOPit Solutions,Holmdel,Information Technology,4600,5
Stratosphere Networks,Illinois,Retail,2100,5
Strikeready,California,Information Technology,,
SugarShot,California,Government,3000,4.8
Sumo Logic,California,Retail,2100,3.6
SWICKtech,New Berlin,Financial Services,2900,4.8
Swimlane,Louisville,Education,3600,4.7
Symantec,California,Information Technology,,4.9
Synack,California,Education,200,3.5
Synack,California,Information Technology,,4.5
SYNETA | IT & Digital Solutions,Istanbul,Healthcare,2800,4.5
Sysbee,Pula,Financial Services,300,5
Sysdig,California,Retail,500,4.6
sysdogs | devops,Poland,Healthcare,200,5
Sytex Ltd.,Canada,Manufacturing,4300,5
TAC Security,California,Manufacturing,,3.5
Tanium,Washington,Retail,100,3.2
TeamLogicIT,Sandy,Government,2200,
Teceze Ltd,UK,Information Technology,4600,4.5
TECHBLEED,Glendale,Government,2600,5
Techdefence Labs,India,Financial Services,100,4
TECHERA SECURITIES,India,Government,30,3.5
TechMD,Santa Ana,Information Technology,1900,4.9
Technical Support International,Massachusetts,Education,700,5
TechNoir Solutions,Illinois,Government,4200,5
Technologics and Controls,India,Education,3700,4.8
Technologics and Controls,India,Manufacturing,2400,4.8
Technology's Edge,California,Retail,1500,5
Techno-Pie,Istanbul,Retail,800,5
TechPeer,,Education,1100,5
TechVAR,Texas,Financial Services,1600,5
Techvedic,India,Government,4600,4
TecSynt Solutions,Ukraine,Financial Services,2600,5
Telco ICT,Camberwell,Education,300,5
TeleSign,California,Information Technology,,
Telos,Virginia,Government,500,4.4
Telos ,Virginia,Information Technology,,
Tempesta Technologies,Washington,Education,1400,4.9
Tenable,Maryland,Manufacturing,500,4
Tenable ,Maryland,Information Technology,,
Tenadroit Inc.,Toronto,Retail,3400,5
Tenendo,,Government,4200,5
"TeraCloud, Inc.",Texas,Government,2700,4.8
Terralogic,India,Manufacturing,4100,4
TestArmy,Wroclaw,Retail,2200,4.8
Texaport,Scotland,Financial Services,1100,5
The Azure Cloud Experts,California,Education,4600,5
The i4 Group,Allen,Education,1000,5
The ITeam,Canada,Healthcare,2100,4.8
The Vietnam Security Network,Thanh Xuan,Manufacturing,2700,4.6
TheCompuLab,Pompano Beach,Retail,2700,4.9
ThetaRay,Israel,Financial Services,100,4.1
Thexyz Inc,Toronto,Manufacturing,400,5
Threat Stack ,Massachusetts,Information Technology,,
ThreatConnect,Virginia,Information Technology,1200,
ThreatQuotient ,Virginia,Information Technology,,
Threatsys Technologies Pvt. Ltd.,India,Government,,5
Thycotic,Washington,Healthcare,,4.3
Thycotic ,Washington,Information Technology,,
TIBUS,Ireland,Manufacturing,2700,4.9
Tier3MD,Georgia,Financial Services,4100,5
ToggleNow Software Solutions Pvt Ltd.,India,Manufacturing,4300,4.5
ToggleNow Software Solutions Pvt Ltd.,India,Healthcare,1300,4.5
Toniolo,Australia,Information Technology,4300,5
Totem.Tech,Ogden,Retail,200,5
Touchstone Security,Allendale,Healthcare,1500,5
TPX Communications,Massachusetts,Government,1800,4.5
TraceRoute42,Poland,Education,3100,4.9
Trail of Bits,New York,Financial Services,,
Transmit Security ,Massachusetts,Information Technology,,
Trend Micro,Japan,Manufacturing,500,4.1
Trend Micro ,Japan,Information Technology,,
Trilight Security,Tallinn,Information Technology,4600,4.8
TRINUS Technologies,New York,Education,300,4.7
Tripwire,Oregon,Government,2000,4.3
Tripwire ,Oregon,Information Technology,,
Trivium Solutions,Israel,Education,2400,5
TruAdvantage,California,Healthcare,1000,5
Trusona,Arizona,Financial Services,1000,4.6
Trustwave,Illinois,Government,4100,4.8
Tufin,Maryland,Financial Services,900,4.2
Ubiq Security,California,Government,,5
UDEV HUB,Ukraine,Information Technology,2700,4.9
UkrInSofT,Ukraine,Manufacturing,4700,4.9
UnderDefense,New York,Healthcare,3900,5
Unit21,California,Financial Services,,4.5
"US Resources, Inc.",Austria,Retail,2000,4.8
UTrust for software testing Services,Cairo,Manufacturing,1800,4
ValiMail,California,Information Technology,10000,3.2
Valimail ,California,Information Technology,,
vArmour,California,Retail,500,4.6
vArmour,California,Information Technology,,5
Varonis,New York,Government,1000,3.9
Varonis Systems,New York,Information Technology,,
Varutra Consulting Pvt. Ltd.,India,Retail,3900,4
VaultOne,Brazil,Information Technology,,4.8
Vdoo,Israel,Manufacturing,,5
Vectra,California,Information Technology,8000,3.8
Venafi,Utah,Financial Services,5000,4
Veracode,Massachusetts,Retail,1200,3.8
Verimatrix ,California,Information Technology,,
Vervali Systems Pvt Ltd,India,Retail,4500,4.4
Vervali Systems Pvt Ltd,India,Information Technology,4200,4.4
Vintage IT Services,Texas,Education,2200,5
Virtue Security,New York,Retail,1100,5
"Voyagent, Inc.",California,Government,2300,4
VP Techno Labs™,India,Education,3900,4
VU Security,Latin America,Manufacturing,,5
Waident Technology Solutions,Illinois,Government,2800,4.9
Wallarm,California,Healthcare,600,
WatchGuard,Washington,Network & Endpoint Security,4000,3.8
Webroot,Colorado,Manufacturing,,
Webshup,India,Financial Services,1200,4.8
Webshup,India,Information Technology,2300,4.8
websmyth,UK,Manufacturing,3700,5
Weevil CompaNew York,Lagos,Retail,400,4.8
Weidenhammer,Pennsylvania,Information Technology,4000,3.8
Wendego I.T. Solutions,California,Financial Services,1600,4.9
WeSecureApp,India,Financial Services,3300,4.8
White Ops ,New York,Information Technology,,
Whitespots.io,Tallin,Education,3900,5
WiJungle,India,Healthcare,,
Win-Pro Consultancy Pte Ltd,Singapore,Financial Services,3600,4.8
"Wintellisys, Inc.",Tennessee,Education,3000,5
Wise IT Inc.,Canada,Manufacturing,900,5
WP Doin,Poland,Government,1700,5
Xantrion,Oakland,Healthcare,800,
Xcel Office Solutions,Oklahoma,Financial Services,2200,5
Xeliumtech Solutions,India,Information Technology,3100,4.5
XenonStack,India,Manufacturing,4700,5
XenonStack,India,Financial Services,4300,5
Your Server Doctor,India,Manufacturing,4600,5
Your Server Doctor,India,Education,1500,5
ZAG Technical Services,California,Financial Services,4100,5
Zartech,Texas,Education,300,5
ZeroFOX,Maryland,Financial Services,2500,5
Zeta Sky,California,Information Technology,1600,5
Zettagrid Indonesia,Indonesia,Retail,4700,5
Zimperium ,California,Information Technology,,
Zix,Texas,Financial Services,,5
Zscaler,California,Government,100,4.7
"zvelo, Inc.",Colorado,Government,4800,4.8
